{"buggyriv": {"size": 34821, "modified": 1649834768.9599092, "path": ".\\buggy.riv"}, "deriveiconpng": {"size": 5789, "modified": 1651902831.4143565, "path": ".\\derive-icon.png"}, "juiceriv": {"size": 9394, "modified": 1630225669.4487243, "path": ".\\juice.riv"}}